Xsouth,Ysouth,,,,,,,,,,,,,,,,,
114,78,,,,,,,,,,,,,,,,,
115,78,,,,,,,,,,,,,,,,,
117,78,,,,,,,,,,,,,,,,,
118,78,,,,,,,,,,,,,,,,,
122,78,,,,,,,,,,,,,,,,,
123,78,,,,,,,,,,,,,,,,,
125,78,,,,,,,,,,,,,,,,,
126,78,,,,,,,,,,,,,,,,,
113,79,,,,,,,,,,,,,,,,,
114,79,,,,,,,,,,,,,,,,,
115,79,,,,,,,,,,,,,,,,,
117,79,,,,,,,,,,,,,,,,,
118,79,,,,,,,,,,,,,,,,,
119,79,,,,,,,,,,,,,,,,,
121,79,,,,,,,,,,,,,,,,,
122,79,,,,,,,,,,,,,,,,,
123,79,,,,,,,,,,,,,,,,,
125,79,,,,,,,,,,,,,,,,,
126,79,,,,,,,,,,,,,,,,,
127,79,,,,,,,,,,,,,,,,,
113,80,,,,,,,,,,,,,,,,,
119,80,,,,,,,,,,,,,,,,,
120,80,,,,,,,,,,,,,,,,,
121,80,,,,,,,,,,,,,,,,,
127,80,,,,,,,,,,,,,,,,,
128,80,,,,,,,,,,,,,,,,,
111,81,,,,,,,,,,,,,,,,,
112,81,,,,,,,,,,,,,,,,,
113,81,,,,,,,,,,,,,,,,,
119,81,,,,,,,,,,,,,,,,,
120,81,,,,,,,,,,,,,,,,,
121,81,,,,,,,,,,,,,,,,,
127,81,,,,,,,,,,,,,,,,,
128,81,,,,,,,,,,,,,,,,,
129,81,,,,,,,,,,,,,,,,,
109,82,,,,,,,,,,,,,,,,,
110,82,,,,,,,,,,,,,,,,,
111,82,,,,,,,,,,,,,,,,,
113,82,,,,,,,,,,,,,,,,,
114,82,,,,,,,,,,,,,,,,,
115,82,,,,,,,,,,,,,,,,,
117,82,,,,,,,,,,,,,,,,,
118,82,,,,,,,,,,,,,,,,,
119,82,,,,,,,,,,,,,,,,,
121,82,,,,,,,,,,,,,,,,,
122,82,,,,,,,,,,,,,,,,,
123,82,,,,,,,,,,,,,,,,,
125,82,,,,,,,,,,,,,,,,,
126,82,,,,,,,,,,,,,,,,,
127,82,,,,,,,,,,,,,,,,,
129,82,,,,,,,,,,,,,,,,,
130,82,,,,,,,,,,,,,,,,,
131,82,,,,,,,,,,,,,,,,,
109,83,,,,,,,,,,,,,,,,,
110,83,,,,,,,,,,,,,,,,,
114,83,,,,,,,,,,,,,,,,,
115,83,,,,,,,,,,,,,,,,,
117,83,,,,,,,,,,,,,,,,,
118,83,,,,,,,,,,,,,,,,,
122,83,,,,,,,,,,,,,,,,,
123,83,,,,,,,,,,,,,,,,,
125,83,,,,,,,,,,,,,,,,,
126,83,,,,,,,,,,,,,,,,,
130,83,,,,,,,,,,,,,,,,,
131,83,,,,,,,,,,,,,,,,,
125,85,,,,,,,,,,,,,,,,,
126,85,,,,,,,,,,,,,,,,,
130,85,,,,,,,,,,,,,,,,,
131,85,,,,,,,,,,,,,,,,,
125,86,,,,,,,,,,,,,,,,,
126,86,,,,,,,,,,,,,,,,,
127,86,,,,,,,,,,,,,,,,,
129,86,,,,,,,,,,,,,,,,,
130,86,,,,,,,,,,,,,,,,,
131,86,,,,,,,,,,,,,,,,,
127,87,,,,,,,,,,,,,,,,,
128,87,,,,,,,,,,,,,,,,,
129,87,,,,,,,,,,,,,,,,,
127,88,,,,,,,,,,,,,,,,,
128,88,,,,,,,,,,,,,,,,,
129,88,,,,,,,,,,,,,,,,,
125,89,,,,,,,,,,,,,,,,,
126,89,,,,,,,,,,,,,,,,,
127,89,,,,,,,,,,,,,,,,,
129,89,,,,,,,,,,,,,,,,,
130,89,,,,,,,,,,,,,,,,,
131,89,,,,,,,,,,,,,,,,,
125,90,,,,,,,,,,,,,,,,,
126,90,,,,,,,,,,,,,,,,,
130,90,,,,,,,,,,,,,,,,,
131,90,,,,,,,,,,,,,,,,,
114,92,,,,,,,,,,,,,,,,,
115,92,,,,,,,,,,,,,,,,,
117,92,,,,,,,,,,,,,,,,,
118,92,,,,,,,,,,,,,,,,,
122,92,,,,,,,,,,,,,,,,,
123,92,,,,,,,,,,,,,,,,,
125,92,,,,,,,,,,,,,,,,,
126,92,,,,,,,,,,,,,,,,,
130,92,,,,,,,,,,,,,,,,,
131,92,,,,,,,,,,,,,,,,,
113,93,,,,,,,,,,,,,,,,,
114,93,,,,,,,,,,,,,,,,,
115,93,,,,,,,,,,,,,,,,,
117,93,,,,,,,,,,,,,,,,,
118,93,,,,,,,,,,,,,,,,,
119,93,,,,,,,,,,,,,,,,,
121,93,,,,,,,,,,,,,,,,,
122,93,,,,,,,,,,,,,,,,,
123,93,,,,,,,,,,,,,,,,,
125,93,,,,,,,,,,,,,,,,,
126,93,,,,,,,,,,,,,,,,,
127,93,,,,,,,,,,,,,,,,,
129,93,,,,,,,,,,,,,,,,,
130,93,,,,,,,,,,,,,,,,,
131,93,,,,,,,,,,,,,,,,,
113,94,,,,,,,,,,,,,,,,,
119,94,,,,,,,,,,,,,,,,,
120,94,,,,,,,,,,,,,,,,,
121,94,,,,,,,,,,,,,,,,,
127,94,,,,,,,,,,,,,,,,,
128,94,,,,,,,,,,,,,,,,,
129,94,,,,,,,,,,,,,,,,,
111,95,,,,,,,,,,,,,,,,,
112,95,,,,,,,,,,,,,,,,,
113,95,,,,,,,,,,,,,,,,,
119,95,,,,,,,,,,,,,,,,,
120,95,,,,,,,,,,,,,,,,,
121,95,,,,,,,,,,,,,,,,,
127,95,,,,,,,,,,,,,,,,,
128,95,,,,,,,,,,,,,,,,,
109,96,,,,,,,,,,,,,,,,,
110,96,,,,,,,,,,,,,,,,,
111,96,,,,,,,,,,,,,,,,,
113,96,,,,,,,,,,,,,,,,,
114,96,,,,,,,,,,,,,,,,,
115,96,,,,,,,,,,,,,,,,,
117,96,,,,,,,,,,,,,,,,,
118,96,,,,,,,,,,,,,,,,,
119,96,,,,,,,,,,,,,,,,,
121,96,,,,,,,,,,,,,,,,,
122,96,,,,,,,,,,,,,,,,,
123,96,,,,,,,,,,,,,,,,,
125,96,,,,,,,,,,,,,,,,,
126,96,,,,,,,,,,,,,,,,,
127,96,,,,,,,,,,,,,,,,,
109,97,,,,,,,,,,,,,,,,,
110,97,,,,,,,,,,,,,,,,,
114,97,,,,,,,,,,,,,,,,,
115,97,,,,,,,,,,,,,,,,,
117,97,,,,,,,,,,,,,,,,,
118,97,,,,,,,,,,,,,,,,,
122,97,,,,,,,,,,,,,,,,,
123,97,,,,,,,,,,,,,,,,,
125,97,,,,,,,,,,,,,,,,,
126,97,,,,,,,,,,,,,,,,,
127,97,,,,,,,,,,,,,,,,,
109,99,,,,,,,,,,,,,,,,,
110,99,,,,,,,,,,,,,,,,,
114,99,,,,,,,,,,,,,,,,,
115,99,,,,,,,,,,,,,,,,,
109,100,,,,,,,,,,,,,,,,,
110,100,,,,,,,,,,,,,,,,,
111,100,,,,,,,,,,,,,,,,,
113,100,,,,,,,,,,,,,,,,,
114,100,,,,,,,,,,,,,,,,,
115,100,,,,,,,,,,,,,,,,,
111,101,,,,,,,,,,,,,,,,,
112,101,,,,,,,,,,,,,,,,,
113,101,,,,,,,,,,,,,,,,,
111,102,,,,,,,,,,,,,,,,,
112,102,,,,,,,,,,,,,,,,,
113,102,,,,,,,,,,,,,,,,,
109,103,,,,,,,,,,,,,,,,,
110,103,,,,,,,,,,,,,,,,,
111,103,,,,,,,,,,,,,,,,,
113,103,,,,,,,,,,,,,,,,,
114,103,,,,,,,,,,,,,,,,,
115,103,,,,,,,,,,,,,,,,,
109,104,,,,,,,,,,,,,,,,,
110,104,,,,,,,,,,,,,,,,,
114,104,,,,,,,,,,,,,,,,,
115,104,,,,,,,,,,,,,,,,,
109,106,,,,,,,,,,,,,,,,,
110,106,,,,,,,,,,,,,,,,,
114,106,,,,,,,,,,,,,,,,,
115,106,,,,,,,,,,,,,,,,,
117,106,,,,,,,,,,,,,,,,,
118,106,,,,,,,,,,,,,,,,,
122,106,,,,,,,,,,,,,,,,,
123,106,,,,,,,,,,,,,,,,,
125,106,,,,,,,,,,,,,,,,,
126,106,,,,,,,,,,,,,,,,,
130,106,,,,,,,,,,,,,,,,,
131,106,,,,,,,,,,,,,,,,,
109,107,,,,,,,,,,,,,,,,,
110,107,,,,,,,,,,,,,,,,,
111,107,,,,,,,,,,,,,,,,,
113,107,,,,,,,,,,,,,,,,,
114,107,,,,,,,,,,,,,,,,,
115,107,,,,,,,,,,,,,,,,,
117,107,,,,,,,,,,,,,,,,,
118,107,,,,,,,,,,,,,,,,,
119,107,,,,,,,,,,,,,,,,,
121,107,,,,,,,,,,,,,,,,,
122,107,,,,,,,,,,,,,,,,,
123,107,,,,,,,,,,,,,,,,,
125,107,,,,,,,,,,,,,,,,,
126,107,,,,,,,,,,,,,,,,,
127,107,,,,,,,,,,,,,,,,,
129,107,,,,,,,,,,,,,,,,,
130,107,,,,,,,,,,,,,,,,,
131,107,,,,,,,,,,,,,,,,,
111,108,,,,,,,,,,,,,,,,,
112,108,,,,,,,,,,,,,,,,,
113,108,,,,,,,,,,,,,,,,,
119,108,,,,,,,,,,,,,,,,,
120,108,,,,,,,,,,,,,,,,,
121,108,,,,,,,,,,,,,,,,,
127,108,,,,,,,,,,,,,,,,,
128,108,,,,,,,,,,,,,,,,,
129,108,,,,,,,,,,,,,,,,,
112,109,,,,,,,,,,,,,,,,,
113,109,,,,,,,,,,,,,,,,,
119,109,,,,,,,,,,,,,,,,,
120,109,,,,,,,,,,,,,,,,,
121,109,,,,,,,,,,,,,,,,,
127,109,,,,,,,,,,,,,,,,,
128,109,,,,,,,,,,,,,,,,,
113,110,,,,,,,,,,,,,,,,,
114,110,,,,,,,,,,,,,,,,,
115,110,,,,,,,,,,,,,,,,,
117,110,,,,,,,,,,,,,,,,,
118,110,,,,,,,,,,,,,,,,,
119,110,,,,,,,,,,,,,,,,,
121,110,,,,,,,,,,,,,,,,,
122,110,,,,,,,,,,,,,,,,,
123,110,,,,,,,,,,,,,,,,,
125,110,,,,,,,,,,,,,,,,,
126,110,,,,,,,,,,,,,,,,,
127,110,,,,,,,,,,,,,,,,,
114,111,,,,,,,,,,,,,,,,,
115,111,,,,,,,,,,,,,,,,,
117,111,,,,,,,,,,,,,,,,,
118,111,,,,,,,,,,,,,,,,,
122,111,,,,,,,,,,,,,,,,,
123,111,,,,,,,,,,,,,,,,,
125,111,,,,,,,,,,,,,,,,,
126,111,,,,,,,,,,,,,,,,,
135,107,,,,,,,,,,,,,,,,,
135,106,,,,,,,,,,,,,,,,,
135,104,,,,,,,,,,,,,,,,,
135,103,,,,,,,,,,,,,,,,,
135,100,,,,,,,,,,,,,,,,,
135,99,,,,,,,,,,,,,,,,,
135,97,,,,,,,,,,,,,,,,,
135,96,,,,,,,,,,,,,,,,,
135,93,,,,,,,,,,,,,,,,,
135,92,,,,,,,,,,,,,,,,,
135,90,,,,,,,,,,,,,,,,,
135,89,,,,,,,,,,,,,,,,,
135,86,,,,,,,,,,,,,,,,,
135,85,,,,,,,,,,,,,,,,,
135,83,,,,,,,,,,,,,,,,,
135,82,,,,,,,,,,,,,,,,,
136,107,,,,,,,,,,,,,,,,,
136,106,,,,,,,,,,,,,,,,,
136,104,,,,,,,,,,,,,,,,,
136,103,,,,,,,,,,,,,,,,,
136,100,,,,,,,,,,,,,,,,,
136,99,,,,,,,,,,,,,,,,,
136,97,,,,,,,,,,,,,,,,,
136,96,,,,,,,,,,,,,,,,,
136,93,,,,,,,,,,,,,,,,,
136,92,,,,,,,,,,,,,,,,,
136,90,,,,,,,,,,,,,,,,,
136,89,,,,,,,,,,,,,,,,,
136,86,,,,,,,,,,,,,,,,,
136,85,,,,,,,,,,,,,,,,,
136,83,,,,,,,,,,,,,,,,,
136,82,,,,,,,,,,,,,,,,,
137,108,,,,,,,,,,,,,,,,,
137,107,,,,,,,,,,,,,,,,,
137,103,,,,,,,,,,,,,,,,,
137,102,,,,,,,,,,,,,,,,,
137,101,,,,,,,,,,,,,,,,,
137,100,,,,,,,,,,,,,,,,,
137,96,,,,,,,,,,,,,,,,,
137,95,,,,,,,,,,,,,,,,,
137,94,,,,,,,,,,,,,,,,,
137,93,,,,,,,,,,,,,,,,,
137,89,,,,,,,,,,,,,,,,,
137,88,,,,,,,,,,,,,,,,,
137,87,,,,,,,,,,,,,,,,,
137,86,,,,,,,,,,,,,,,,,
137,82,,,,,,,,,,,,,,,,,
137,81,,,,,,,,,,,,,,,,,
138,109,,,,,,,,,,,,,,,,,
138,108,,,,,,,,,,,,,,,,,
138,102,,,,,,,,,,,,,,,,,
138,101,,,,,,,,,,,,,,,,,
138,95,,,,,,,,,,,,,,,,,
138,94,,,,,,,,,,,,,,,,,
138,88,,,,,,,,,,,,,,,,,
138,87,,,,,,,,,,,,,,,,,
138,81,,,,,,,,,,,,,,,,,
139,110,,,,,,,,,,,,,,,,,
139,109,,,,,,,,,,,,,,,,,
139,108,,,,,,,,,,,,,,,,,
139,107,,,,,,,,,,,,,,,,,
139,103,,,,,,,,,,,,,,,,,
139,102,,,,,,,,,,,,,,,,,
139,101,,,,,,,,,,,,,,,,,
139,100,,,,,,,,,,,,,,,,,
139,96,,,,,,,,,,,,,,,,,
139,95,,,,,,,,,,,,,,,,,
139,94,,,,,,,,,,,,,,,,,
139,93,,,,,,,,,,,,,,,,,
139,89,,,,,,,,,,,,,,,,,
139,88,,,,,,,,,,,,,,,,,
139,87,,,,,,,,,,,,,,,,,
139,86,,,,,,,,,,,,,,,,,
139,82,,,,,,,,,,,,,,,,,
139,81,,,,,,,,,,,,,,,,,
139,80,,,,,,,,,,,,,,,,,
139,79,,,,,,,,,,,,,,,,,
140,111,,,,,,,,,,,,,,,,,
140,110,,,,,,,,,,,,,,,,,
140,107,,,,,,,,,,,,,,,,,
140,106,,,,,,,,,,,,,,,,,
140,104,,,,,,,,,,,,,,,,,
140,103,,,,,,,,,,,,,,,,,
140,100,,,,,,,,,,,,,,,,,
140,99,,,,,,,,,,,,,,,,,
140,97,,,,,,,,,,,,,,,,,
140,96,,,,,,,,,,,,,,,,,
140,93,,,,,,,,,,,,,,,,,
140,92,,,,,,,,,,,,,,,,,
140,90,,,,,,,,,,,,,,,,,
140,89,,,,,,,,,,,,,,,,,
140,86,,,,,,,,,,,,,,,,,
140,85,,,,,,,,,,,,,,,,,
140,83,,,,,,,,,,,,,,,,,
140,82,,,,,,,,,,,,,,,,,
140,79,,,,,,,,,,,,,,,,,
140,78,,,,,,,,,,,,,,,,,
141,111,,,,,,,,,,,,,,,,,
141,110,,,,,,,,,,,,,,,,,
141,107,,,,,,,,,,,,,,,,,
141,106,,,,,,,,,,,,,,,,,
141,104,,,,,,,,,,,,,,,,,
141,103,,,,,,,,,,,,,,,,,
141,100,,,,,,,,,,,,,,,,,
141,99,,,,,,,,,,,,,,,,,
141,97,,,,,,,,,,,,,,,,,
141,96,,,,,,,,,,,,,,,,,
141,93,,,,,,,,,,,,,,,,,
141,92,,,,,,,,,,,,,,,,,
141,90,,,,,,,,,,,,,,,,,
141,89,,,,,,,,,,,,,,,,,
141,86,,,,,,,,,,,,,,,,,
141,85,,,,,,,,,,,,,,,,,
141,83,,,,,,,,,,,,,,,,,
141,82,,,,,,,,,,,,,,,,,
141,79,,,,,,,,,,,,,,,,,
141,78,,,,,,,,,,,,,,,,,
143,111,,,,,,,,,,,,,,,,,
143,110,,,,,,,,,,,,,,,,,
143,107,,,,,,,,,,,,,,,,,
143,106,,,,,,,,,,,,,,,,,
143,83,,,,,,,,,,,,,,,,,
143,82,,,,,,,,,,,,,,,,,
143,79,,,,,,,,,,,,,,,,,
143,78,,,,,,,,,,,,,,,,,
144,111,,,,,,,,,,,,,,,,,
144,110,,,,,,,,,,,,,,,,,
144,107,,,,,,,,,,,,,,,,,
144,106,,,,,,,,,,,,,,,,,
144,83,,,,,,,,,,,,,,,,,
144,82,,,,,,,,,,,,,,,,,
144,79,,,,,,,,,,,,,,,,,
144,78,,,,,,,,,,,,,,,,,
145,110,,,,,,,,,,,,,,,,,
145,109,,,,,,,,,,,,,,,,,
145,108,,,,,,,,,,,,,,,,,
145,107,,,,,,,,,,,,,,,,,
145,82,,,,,,,,,,,,,,,,,
145,81,,,,,,,,,,,,,,,,,
145,80,,,,,,,,,,,,,,,,,
145,79,,,,,,,,,,,,,,,,,
146,109,,,,,,,,,,,,,,,,,
146,108,,,,,,,,,,,,,,,,,
146,81,,,,,,,,,,,,,,,,,
146,80,,,,,,,,,,,,,,,,,
147,110,,,,,,,,,,,,,,,,,
147,109,,,,,,,,,,,,,,,,,
147,108,,,,,,,,,,,,,,,,,
147,107,,,,,,,,,,,,,,,,,
147,82,,,,,,,,,,,,,,,,,
147,81,,,,,,,,,,,,,,,,,
147,80,,,,,,,,,,,,,,,,,
147,79,,,,,,,,,,,,,,,,,
148,111,,,,,,,,,,,,,,,,,
148,110,,,,,,,,,,,,,,,,,
148,107,,,,,,,,,,,,,,,,,
148,106,,,,,,,,,,,,,,,,,
148,83,,,,,,,,,,,,,,,,,
148,82,,,,,,,,,,,,,,,,,
148,79,,,,,,,,,,,,,,,,,
148,78,,,,,,,,,,,,,,,,,
149,111,,,,,,,,,,,,,,,,,
149,110,,,,,,,,,,,,,,,,,
149,107,,,,,,,,,,,,,,,,,
149,106,,,,,,,,,,,,,,,,,
149,83,,,,,,,,,,,,,,,,,
149,82,,,,,,,,,,,,,,,,,
149,79,,,,,,,,,,,,,,,,,
149,78,,,,,,,,,,,,,,,,,
151,111,,,,,,,,,,,,,,,,,
151,110,,,,,,,,,,,,,,,,,
151,107,,,,,,,,,,,,,,,,,
151,106,,,,,,,,,,,,,,,,,
151,104,,,,,,,,,,,,,,,,,
151,103,,,,,,,,,,,,,,,,,
151,100,,,,,,,,,,,,,,,,,
151,99,,,,,,,,,,,,,,,,,
151,97,,,,,,,,,,,,,,,,,
151,96,,,,,,,,,,,,,,,,,
151,93,,,,,,,,,,,,,,,,,
151,92,,,,,,,,,,,,,,,,,
151,90,,,,,,,,,,,,,,,,,
151,89,,,,,,,,,,,,,,,,,
151,86,,,,,,,,,,,,,,,,,
151,85,,,,,,,,,,,,,,,,,
151,83,,,,,,,,,,,,,,,,,
151,82,,,,,,,,,,,,,,,,,
151,79,,,,,,,,,,,,,,,,,
151,78,,,,,,,,,,,,,,,,,
152,111,,,,,,,,,,,,,,,,,
152,110,,,,,,,,,,,,,,,,,
152,107,,,,,,,,,,,,,,,,,
152,106,,,,,,,,,,,,,,,,,
152,104,,,,,,,,,,,,,,,,,
152,103,,,,,,,,,,,,,,,,,
152,100,,,,,,,,,,,,,,,,,
152,99,,,,,,,,,,,,,,,,,
152,97,,,,,,,,,,,,,,,,,
152,96,,,,,,,,,,,,,,,,,
152,93,,,,,,,,,,,,,,,,,
152,92,,,,,,,,,,,,,,,,,
152,90,,,,,,,,,,,,,,,,,
152,89,,,,,,,,,,,,,,,,,
152,86,,,,,,,,,,,,,,,,,
152,85,,,,,,,,,,,,,,,,,
152,83,,,,,,,,,,,,,,,,,
152,82,,,,,,,,,,,,,,,,,
152,79,,,,,,,,,,,,,,,,,
152,78,,,,,,,,,,,,,,,,,
153,110,,,,,,,,,,,,,,,,,
153,109,,,,,,,,,,,,,,,,,
153,108,,,,,,,,,,,,,,,,,
153,107,,,,,,,,,,,,,,,,,
153,103,,,,,,,,,,,,,,,,,
153,102,,,,,,,,,,,,,,,,,
153,101,,,,,,,,,,,,,,,,,
153,100,,,,,,,,,,,,,,,,,
153,96,,,,,,,,,,,,,,,,,
153,95,,,,,,,,,,,,,,,,,
153,94,,,,,,,,,,,,,,,,,
153,93,,,,,,,,,,,,,,,,,
153,89,,,,,,,,,,,,,,,,,
153,88,,,,,,,,,,,,,,,,,
153,87,,,,,,,,,,,,,,,,,
153,86,,,,,,,,,,,,,,,,,
153,82,,,,,,,,,,,,,,,,,
153,81,,,,,,,,,,,,,,,,,
153,80,,,,,,,,,,,,,,,,,
153,79,,,,,,,,,,,,,,,,,
154,109,,,,,,,,,,,,,,,,,
154,108,,,,,,,,,,,,,,,,,
154,102,,,,,,,,,,,,,,,,,
154,101,,,,,,,,,,,,,,,,,
154,95,,,,,,,,,,,,,,,,,
154,94,,,,,,,,,,,,,,,,,
154,88,,,,,,,,,,,,,,,,,
154,87,,,,,,,,,,,,,,,,,
154,81,,,,,,,,,,,,,,,,,
154,80,,,,,,,,,,,,,,,,,
155,108,,,,,,,,,,,,,,,,,
155,107,,,,,,,,,,,,,,,,,
155,103,,,,,,,,,,,,,,,,,
155,102,,,,,,,,,,,,,,,,,
155,101,,,,,,,,,,,,,,,,,
155,100,,,,,,,,,,,,,,,,,
155,96,,,,,,,,,,,,,,,,,
155,95,,,,,,,,,,,,,,,,,
155,94,,,,,,,,,,,,,,,,,
155,93,,,,,,,,,,,,,,,,,
155,89,,,,,,,,,,,,,,,,,
155,88,,,,,,,,,,,,,,,,,
155,87,,,,,,,,,,,,,,,,,
155,86,,,,,,,,,,,,,,,,,
155,82,,,,,,,,,,,,,,,,,
155,81,,,,,,,,,,,,,,,,,
156,107,,,,,,,,,,,,,,,,,
156,106,,,,,,,,,,,,,,,,,
156,104,,,,,,,,,,,,,,,,,
156,103,,,,,,,,,,,,,,,,,
156,100,,,,,,,,,,,,,,,,,
156,99,,,,,,,,,,,,,,,,,
156,97,,,,,,,,,,,,,,,,,
156,96,,,,,,,,,,,,,,,,,
156,93,,,,,,,,,,,,,,,,,
156,92,,,,,,,,,,,,,,,,,
156,90,,,,,,,,,,,,,,,,,
156,89,,,,,,,,,,,,,,,,,
156,86,,,,,,,,,,,,,,,,,
156,85,,,,,,,,,,,,,,,,,
156,83,,,,,,,,,,,,,,,,,
156,82,,,,,,,,,,,,,,,,,
157,107,,,,,,,,,,,,,,,,,
157,106,,,,,,,,,,,,,,,,,
157,104,,,,,,,,,,,,,,,,,
157,103,,,,,,,,,,,,,,,,,
157,100,,,,,,,,,,,,,,,,,
157,99,,,,,,,,,,,,,,,,,
157,97,,,,,,,,,,,,,,,,,
157,96,,,,,,,,,,,,,,,,,
157,93,,,,,,,,,,,,,,,,,
157,92,,,,,,,,,,,,,,,,,
157,90,,,,,,,,,,,,,,,,,
157,89,,,,,,,,,,,,,,,,,
157,86,,,,,,,,,,,,,,,,,
157,85,,,,,,,,,,,,,,,,,
157,83,,,,,,,,,,,,,,,,,
157,82,,,,,,,,,,,,,,,,,
161,111,,,,,,,,,,,,,,,,,
161,110,,,,,,,,,,,,,,,,,
161,107,,,,,,,,,,,,,,,,,
161,106,,,,,,,,,,,,,,,,,
161,104,,,,,,,,,,,,,,,,,
161,103,,,,,,,,,,,,,,,,,
161,100,,,,,,,,,,,,,,,,,
161,99,,,,,,,,,,,,,,,,,
161,97,,,,,,,,,,,,,,,,,
161,96,,,,,,,,,,,,,,,,,
161,93,,,,,,,,,,,,,,,,,
161,92,,,,,,,,,,,,,,,,,
161,90,,,,,,,,,,,,,,,,,
161,89,,,,,,,,,,,,,,,,,
161,86,,,,,,,,,,,,,,,,,
161,85,,,,,,,,,,,,,,,,,
161,83,,,,,,,,,,,,,,,,,
161,82,,,,,,,,,,,,,,,,,
162,111,,,,,,,,,,,,,,,,,
162,110,,,,,,,,,,,,,,,,,
162,107,,,,,,,,,,,,,,,,,
162,106,,,,,,,,,,,,,,,,,
162,104,,,,,,,,,,,,,,,,,
162,103,,,,,,,,,,,,,,,,,
162,100,,,,,,,,,,,,,,,,,
162,99,,,,,,,,,,,,,,,,,
162,97,,,,,,,,,,,,,,,,,
162,96,,,,,,,,,,,,,,,,,
162,93,,,,,,,,,,,,,,,,,
162,92,,,,,,,,,,,,,,,,,
162,90,,,,,,,,,,,,,,,,,
162,89,,,,,,,,,,,,,,,,,
162,86,,,,,,,,,,,,,,,,,
162,85,,,,,,,,,,,,,,,,,
162,83,,,,,,,,,,,,,,,,,
162,82,,,,,,,,,,,,,,,,,
163,110,,,,,,,,,,,,,,,,,
163,109,,,,,,,,,,,,,,,,,
163,108,,,,,,,,,,,,,,,,,
163,107,,,,,,,,,,,,,,,,,
163,103,,,,,,,,,,,,,,,,,
163,102,,,,,,,,,,,,,,,,,
163,101,,,,,,,,,,,,,,,,,
163,100,,,,,,,,,,,,,,,,,
163,96,,,,,,,,,,,,,,,,,
163,95,,,,,,,,,,,,,,,,,
163,94,,,,,,,,,,,,,,,,,
163,93,,,,,,,,,,,,,,,,,
163,89,,,,,,,,,,,,,,,,,
163,88,,,,,,,,,,,,,,,,,
163,87,,,,,,,,,,,,,,,,,
163,86,,,,,,,,,,,,,,,,,
163,82,,,,,,,,,,,,,,,,,
163,81,,,,,,,,,,,,,,,,,
164,109,,,,,,,,,,,,,,,,,
164,108,,,,,,,,,,,,,,,,,
164,102,,,,,,,,,,,,,,,,,
164,101,,,,,,,,,,,,,,,,,
164,95,,,,,,,,,,,,,,,,,
164,94,,,,,,,,,,,,,,,,,
164,88,,,,,,,,,,,,,,,,,
164,87,,,,,,,,,,,,,,,,,
164,81,,,,,,,,,,,,,,,,,
165,110,,,,,,,,,,,,,,,,,
165,109,,,,,,,,,,,,,,,,,
165,108,,,,,,,,,,,,,,,,,
165,107,,,,,,,,,,,,,,,,,
165,103,,,,,,,,,,,,,,,,,
165,102,,,,,,,,,,,,,,,,,
165,101,,,,,,,,,,,,,,,,,
165,100,,,,,,,,,,,,,,,,,
165,96,,,,,,,,,,,,,,,,,
165,95,,,,,,,,,,,,,,,,,
165,94,,,,,,,,,,,,,,,,,
165,93,,,,,,,,,,,,,,,,,
165,89,,,,,,,,,,,,,,,,,
165,88,,,,,,,,,,,,,,,,,
165,87,,,,,,,,,,,,,,,,,
165,86,,,,,,,,,,,,,,,,,
165,82,,,,,,,,,,,,,,,,,
165,81,,,,,,,,,,,,,,,,,
165,80,,,,,,,,,,,,,,,,,
165,79,,,,,,,,,,,,,,,,,
166,111,,,,,,,,,,,,,,,,,
166,110,,,,,,,,,,,,,,,,,
166,107,,,,,,,,,,,,,,,,,
166,106,,,,,,,,,,,,,,,,,
166,104,,,,,,,,,,,,,,,,,
166,103,,,,,,,,,,,,,,,,,
166,100,,,,,,,,,,,,,,,,,
166,99,,,,,,,,,,,,,,,,,
166,97,,,,,,,,,,,,,,,,,
166,96,,,,,,,,,,,,,,,,,
166,93,,,,,,,,,,,,,,,,,
166,92,,,,,,,,,,,,,,,,,
166,90,,,,,,,,,,,,,,,,,
166,89,,,,,,,,,,,,,,,,,
166,86,,,,,,,,,,,,,,,,,
166,85,,,,,,,,,,,,,,,,,
166,83,,,,,,,,,,,,,,,,,
166,82,,,,,,,,,,,,,,,,,
166,79,,,,,,,,,,,,,,,,,
166,78,,,,,,,,,,,,,,,,,
167,111,,,,,,,,,,,,,,,,,
167,110,,,,,,,,,,,,,,,,,
167,107,,,,,,,,,,,,,,,,,
167,106,,,,,,,,,,,,,,,,,
167,104,,,,,,,,,,,,,,,,,
167,103,,,,,,,,,,,,,,,,,
167,100,,,,,,,,,,,,,,,,,
167,99,,,,,,,,,,,,,,,,,
167,97,,,,,,,,,,,,,,,,,
167,96,,,,,,,,,,,,,,,,,
167,93,,,,,,,,,,,,,,,,,
167,92,,,,,,,,,,,,,,,,,
167,90,,,,,,,,,,,,,,,,,
167,89,,,,,,,,,,,,,,,,,
167,86,,,,,,,,,,,,,,,,,
167,85,,,,,,,,,,,,,,,,,
167,83,,,,,,,,,,,,,,,,,
167,82,,,,,,,,,,,,,,,,,
167,79,,,,,,,,,,,,,,,,,
167,78,,,,,,,,,,,,,,,,,
169,83,,,,,,,,,,,,,,,,,
169,82,,,,,,,,,,,,,,,,,
169,79,,,,,,,,,,,,,,,,,
169,78,,,,,,,,,,,,,,,,,
170,83,,,,,,,,,,,,,,,,,
170,82,,,,,,,,,,,,,,,,,
170,79,,,,,,,,,,,,,,,,,
170,78,,,,,,,,,,,,,,,,,
171,82,,,,,,,,,,,,,,,,,
171,81,,,,,,,,,,,,,,,,,
171,80,,,,,,,,,,,,,,,,,
171,79,,,,,,,,,,,,,,,,,
172,81,,,,,,,,,,,,,,,,,
172,80,,,,,,,,,,,,,,,,,
173,82,,,,,,,,,,,,,,,,,
173,81,,,,,,,,,,,,,,,,,
173,80,,,,,,,,,,,,,,,,,
173,79,,,,,,,,,,,,,,,,,
174,83,,,,,,,,,,,,,,,,,
174,82,,,,,,,,,,,,,,,,,
174,79,,,,,,,,,,,,,,,,,
174,78,,,,,,,,,,,,,,,,,
175,83,,,,,,,,,,,,,,,,,
175,82,,,,,,,,,,,,,,,,,
175,79,,,,,,,,,,,,,,,,,
175,78,,,,,,,,,,,,,,,,,
177,111,,,,,,,,,,,,,,,,,
177,110,,,,,,,,,,,,,,,,,
177,107,,,,,,,,,,,,,,,,,
177,106,,,,,,,,,,,,,,,,,
177,104,,,,,,,,,,,,,,,,,
177,103,,,,,,,,,,,,,,,,,
177,100,,,,,,,,,,,,,,,,,
177,99,,,,,,,,,,,,,,,,,
177,97,,,,,,,,,,,,,,,,,
177,96,,,,,,,,,,,,,,,,,
177,93,,,,,,,,,,,,,,,,,
177,92,,,,,,,,,,,,,,,,,
177,90,,,,,,,,,,,,,,,,,
177,89,,,,,,,,,,,,,,,,,
177,86,,,,,,,,,,,,,,,,,
177,85,,,,,,,,,,,,,,,,,
177,83,,,,,,,,,,,,,,,,,
177,82,,,,,,,,,,,,,,,,,
177,79,,,,,,,,,,,,,,,,,
177,78,,,,,,,,,,,,,,,,,
178,111,,,,,,,,,,,,,,,,,
178,110,,,,,,,,,,,,,,,,,
178,107,,,,,,,,,,,,,,,,,
178,106,,,,,,,,,,,,,,,,,
178,104,,,,,,,,,,,,,,,,,
178,103,,,,,,,,,,,,,,,,,
178,100,,,,,,,,,,,,,,,,,
178,99,,,,,,,,,,,,,,,,,
178,97,,,,,,,,,,,,,,,,,
178,96,,,,,,,,,,,,,,,,,
178,93,,,,,,,,,,,,,,,,,
178,92,,,,,,,,,,,,,,,,,
178,90,,,,,,,,,,,,,,,,,
178,89,,,,,,,,,,,,,,,,,
178,86,,,,,,,,,,,,,,,,,
178,85,,,,,,,,,,,,,,,,,
178,83,,,,,,,,,,,,,,,,,
178,82,,,,,,,,,,,,,,,,,
178,79,,,,,,,,,,,,,,,,,
178,78,,,,,,,,,,,,,,,,,
179,110,,,,,,,,,,,,,,,,,
179,109,,,,,,,,,,,,,,,,,
179,108,,,,,,,,,,,,,,,,,
179,107,,,,,,,,,,,,,,,,,
179,103,,,,,,,,,,,,,,,,,
179,102,,,,,,,,,,,,,,,,,
179,101,,,,,,,,,,,,,,,,,
179,100,,,,,,,,,,,,,,,,,
179,96,,,,,,,,,,,,,,,,,
179,95,,,,,,,,,,,,,,,,,
179,94,,,,,,,,,,,,,,,,,
179,93,,,,,,,,,,,,,,,,,
179,89,,,,,,,,,,,,,,,,,
179,88,,,,,,,,,,,,,,,,,
179,87,,,,,,,,,,,,,,,,,
179,86,,,,,,,,,,,,,,,,,
179,82,,,,,,,,,,,,,,,,,
179,81,,,,,,,,,,,,,,,,,
179,80,,,,,,,,,,,,,,,,,
179,79,,,,,,,,,,,,,,,,,
180,109,,,,,,,,,,,,,,,,,
180,108,,,,,,,,,,,,,,,,,
180,102,,,,,,,,,,,,,,,,,
180,101,,,,,,,,,,,,,,,,,
180,95,,,,,,,,,,,,,,,,,
180,94,,,,,,,,,,,,,,,,,
180,88,,,,,,,,,,,,,,,,,
180,87,,,,,,,,,,,,,,,,,
180,81,,,,,,,,,,,,,,,,,
180,80,,,,,,,,,,,,,,,,,
181,110,,,,,,,,,,,,,,,,,
181,109,,,,,,,,,,,,,,,,,
181,108,,,,,,,,,,,,,,,,,
181,107,,,,,,,,,,,,,,,,,
181,103,,,,,,,,,,,,,,,,,
181,102,,,,,,,,,,,,,,,,,
181,101,,,,,,,,,,,,,,,,,
181,100,,,,,,,,,,,,,,,,,
181,96,,,,,,,,,,,,,,,,,
181,95,,,,,,,,,,,,,,,,,
181,94,,,,,,,,,,,,,,,,,
181,93,,,,,,,,,,,,,,,,,
181,89,,,,,,,,,,,,,,,,,
181,88,,,,,,,,,,,,,,,,,
181,87,,,,,,,,,,,,,,,,,
181,86,,,,,,,,,,,,,,,,,
181,82,,,,,,,,,,,,,,,,,
181,81,,,,,,,,,,,,,,,,,
182,111,,,,,,,,,,,,,,,,,
182,110,,,,,,,,,,,,,,,,,
182,107,,,,,,,,,,,,,,,,,
182,106,,,,,,,,,,,,,,,,,
182,104,,,,,,,,,,,,,,,,,
182,103,,,,,,,,,,,,,,,,,
182,100,,,,,,,,,,,,,,,,,
182,99,,,,,,,,,,,,,,,,,
182,97,,,,,,,,,,,,,,,,,
182,96,,,,,,,,,,,,,,,,,
182,93,,,,,,,,,,,,,,,,,
182,92,,,,,,,,,,,,,,,,,
182,90,,,,,,,,,,,,,,,,,
182,89,,,,,,,,,,,,,,,,,
182,86,,,,,,,,,,,,,,,,,
182,85,,,,,,,,,,,,,,,,,
182,83,,,,,,,,,,,,,,,,,
182,82,,,,,,,,,,,,,,,,,
183,111,,,,,,,,,,,,,,,,,
183,110,,,,,,,,,,,,,,,,,
183,107,,,,,,,,,,,,,,,,,
183,106,,,,,,,,,,,,,,,,,
183,104,,,,,,,,,,,,,,,,,
183,103,,,,,,,,,,,,,,,,,
183,100,,,,,,,,,,,,,,,,,
183,99,,,,,,,,,,,,,,,,,
183,97,,,,,,,,,,,,,,,,,
183,96,,,,,,,,,,,,,,,,,
183,93,,,,,,,,,,,,,,,,,
183,92,,,,,,,,,,,,,,,,,
183,90,,,,,,,,,,,,,,,,,
183,89,,,,,,,,,,,,,,,,,
183,86,,,,,,,,,,,,,,,,,
183,85,,,,,,,,,,,,,,,,,
183,83,,,,,,,,,,,,,,,,,
183,82,,,,,,,,,,,,,,,,,
186,111,,,,,,,,,,,,,,,,,
186,110,,,,,,,,,,,,,,,,,
186,107,,,,,,,,,,,,,,,,,
186,106,,,,,,,,,,,,,,,,,
187,111,,,,,,,,,,,,,,,,,
187,110,,,,,,,,,,,,,,,,,
187,107,,,,,,,,,,,,,,,,,
187,106,,,,,,,,,,,,,,,,,
188,110,,,,,,,,,,,,,,,,,
188,109,,,,,,,,,,,,,,,,,
188,108,,,,,,,,,,,,,,,,,
188,107,,,,,,,,,,,,,,,,,
189,109,,,,,,,,,,,,,,,,,
189,108,,,,,,,,,,,,,,,,,
190,110,,,,,,,,,,,,,,,,,
190,109,,,,,,,,,,,,,,,,,
190,108,,,,,,,,,,,,,,,,,
190,107,,,,,,,,,,,,,,,,,
191,111,,,,,,,,,,,,,,,,,
191,110,,,,,,,,,,,,,,,,,
191,107,,,,,,,,,,,,,,,,,
191,106,,,,,,,,,,,,,,,,,
192,111,,,,,,,,,,,,,,,,,
192,110,,,,,,,,,,,,,,,,,
192,107,,,,,,,,,,,,,,,,,
192,106,,,,,,,,,,,,,,,,,
194,111,,,,,,,,,,,,,,,,,
194,110,,,,,,,,,,,,,,,,,
194,107,,,,,,,,,,,,,,,,,
194,106,,,,,,,,,,,,,,,,,
194,104,,,,,,,,,,,,,,,,,
194,103,,,,,,,,,,,,,,,,,
194,100,,,,,,,,,,,,,,,,,
194,99,,,,,,,,,,,,,,,,,
194,97,,,,,,,,,,,,,,,,,
194,96,,,,,,,,,,,,,,,,,
194,93,,,,,,,,,,,,,,,,,
194,92,,,,,,,,,,,,,,,,,
194,90,,,,,,,,,,,,,,,,,
194,89,,,,,,,,,,,,,,,,,
194,86,,,,,,,,,,,,,,,,,
194,85,,,,,,,,,,,,,,,,,
194,83,,,,,,,,,,,,,,,,,
194,82,,,,,,,,,,,,,,,,,
194,79,,,,,,,,,,,,,,,,,
194,78,,,,,,,,,,,,,,,,,
195,111,,,,,,,,,,,,,,,,,
195,110,,,,,,,,,,,,,,,,,
195,107,,,,,,,,,,,,,,,,,
195,106,,,,,,,,,,,,,,,,,
195,104,,,,,,,,,,,,,,,,,
195,103,,,,,,,,,,,,,,,,,
195,100,,,,,,,,,,,,,,,,,
195,99,,,,,,,,,,,,,,,,,
195,97,,,,,,,,,,,,,,,,,
195,96,,,,,,,,,,,,,,,,,
195,93,,,,,,,,,,,,,,,,,
195,92,,,,,,,,,,,,,,,,,
195,90,,,,,,,,,,,,,,,,,
195,89,,,,,,,,,,,,,,,,,
195,86,,,,,,,,,,,,,,,,,
195,85,,,,,,,,,,,,,,,,,
195,83,,,,,,,,,,,,,,,,,
195,82,,,,,,,,,,,,,,,,,
195,79,,,,,,,,,,,,,,,,,
195,78,,,,,,,,,,,,,,,,,
196,110,,,,,,,,,,,,,,,,,
196,109,,,,,,,,,,,,,,,,,
196,108,,,,,,,,,,,,,,,,,
196,107,,,,,,,,,,,,,,,,,
196,103,,,,,,,,,,,,,,,,,
196,102,,,,,,,,,,,,,,,,,
196,101,,,,,,,,,,,,,,,,,
196,100,,,,,,,,,,,,,,,,,
196,96,,,,,,,,,,,,,,,,,
196,95,,,,,,,,,,,,,,,,,
196,94,,,,,,,,,,,,,,,,,
196,93,,,,,,,,,,,,,,,,,
196,89,,,,,,,,,,,,,,,,,
196,88,,,,,,,,,,,,,,,,,
196,87,,,,,,,,,,,,,,,,,
196,86,,,,,,,,,,,,,,,,,
196,82,,,,,,,,,,,,,,,,,
196,81,,,,,,,,,,,,,,,,,
196,80,,,,,,,,,,,,,,,,,
196,79,,,,,,,,,,,,,,,,,
197,109,,,,,,,,,,,,,,,,,
197,108,,,,,,,,,,,,,,,,,
197,102,,,,,,,,,,,,,,,,,
197,101,,,,,,,,,,,,,,,,,
197,95,,,,,,,,,,,,,,,,,
197,94,,,,,,,,,,,,,,,,,
197,88,,,,,,,,,,,,,,,,,
197,87,,,,,,,,,,,,,,,,,
197,81,,,,,,,,,,,,,,,,,
197,80,,,,,,,,,,,,,,,,,
198,110,,,,,,,,,,,,,,,,,
198,109,,,,,,,,,,,,,,,,,
198,108,,,,,,,,,,,,,,,,,
198,107,,,,,,,,,,,,,,,,,
198,103,,,,,,,,,,,,,,,,,
198,102,,,,,,,,,,,,,,,,,
198,101,,,,,,,,,,,,,,,,,
198,100,,,,,,,,,,,,,,,,,
198,96,,,,,,,,,,,,,,,,,
198,95,,,,,,,,,,,,,,,,,
198,94,,,,,,,,,,,,,,,,,
198,93,,,,,,,,,,,,,,,,,
198,89,,,,,,,,,,,,,,,,,
198,88,,,,,,,,,,,,,,,,,
198,87,,,,,,,,,,,,,,,,,
198,86,,,,,,,,,,,,,,,,,
198,82,,,,,,,,,,,,,,,,,
198,81,,,,,,,,,,,,,,,,,
198,80,,,,,,,,,,,,,,,,,
198,79,,,,,,,,,,,,,,,,,
199,111,,,,,,,,,,,,,,,,,
199,110,,,,,,,,,,,,,,,,,
199,107,,,,,,,,,,,,,,,,,
199,106,,,,,,,,,,,,,,,,,
199,104,,,,,,,,,,,,,,,,,
199,103,,,,,,,,,,,,,,,,,
199,100,,,,,,,,,,,,,,,,,
199,99,,,,,,,,,,,,,,,,,
199,97,,,,,,,,,,,,,,,,,
199,96,,,,,,,,,,,,,,,,,
199,93,,,,,,,,,,,,,,,,,
199,92,,,,,,,,,,,,,,,,,
199,90,,,,,,,,,,,,,,,,,
199,89,,,,,,,,,,,,,,,,,
199,86,,,,,,,,,,,,,,,,,
199,85,,,,,,,,,,,,,,,,,
199,83,,,,,,,,,,,,,,,,,
199,82,,,,,,,,,,,,,,,,,
199,79,,,,,,,,,,,,,,,,,
199,78,,,,,,,,,,,,,,,,,
200,111,,,,,,,,,,,,,,,,,
200,110,,,,,,,,,,,,,,,,,
200,107,,,,,,,,,,,,,,,,,
200,106,,,,,,,,,,,,,,,,,
200,104,,,,,,,,,,,,,,,,,
200,103,,,,,,,,,,,,,,,,,
200,100,,,,,,,,,,,,,,,,,
200,99,,,,,,,,,,,,,,,,,
200,97,,,,,,,,,,,,,,,,,
200,96,,,,,,,,,,,,,,,,,
200,93,,,,,,,,,,,,,,,,,
200,92,,,,,,,,,,,,,,,,,
200,90,,,,,,,,,,,,,,,,,
200,89,,,,,,,,,,,,,,,,,
200,86,,,,,,,,,,,,,,,,,
200,85,,,,,,,,,,,,,,,,,
200,83,,,,,,,,,,,,,,,,,
200,82,,,,,,,,,,,,,,,,,
200,79,,,,,,,,,,,,,,,,,
200,78,,,,,,,,,,,,,,,,,
202,111,,,,,,,,,,,,,,,,,
202,110,,,,,,,,,,,,,,,,,
202,107,,,,,,,,,,,,,,,,,
202,106,,,,,,,,,,,,,,,,,
203,111,,,,,,,,,,,,,,,,,
203,110,,,,,,,,,,,,,,,,,
203,107,,,,,,,,,,,,,,,,,
203,106,,,,,,,,,,,,,,,,,
204,110,,,,,,,,,,,,,,,,,
204,109,,,,,,,,,,,,,,,,,
204,108,,,,,,,,,,,,,,,,,
204,107,,,,,,,,,,,,,,,,,
205,109,,,,,,,,,,,,,,,,,
205,108,,,,,,,,,,,,,,,,,
206,110,,,,,,,,,,,,,,,,,
206,109,,,,,,,,,,,,,,,,,
206,108,,,,,,,,,,,,,,,,,
206,107,,,,,,,,,,,,,,,,,
207,111,,,,,,,,,,,,,,,,,
207,110,,,,,,,,,,,,,,,,,
207,107,,,,,,,,,,,,,,,,,
207,106,,,,,,,,,,,,,,,,,
208,111,,,,,,,,,,,,,,,,,
208,110,,,,,,,,,,,,,,,,,
208,107,,,,,,,,,,,,,,,,,
208,106,,,,,,,,,,,,,,,,,
212,111,,,,,,,,,,,,,,,,,
212,110,,,,,,,,,,,,,,,,,
212,107,,,,,,,,,,,,,,,,,
212,106,,,,,,,,,,,,,,,,,
212,104,,,,,,,,,,,,,,,,,
212,103,,,,,,,,,,,,,,,,,
212,100,,,,,,,,,,,,,,,,,
212,99,,,,,,,,,,,,,,,,,
212,97,,,,,,,,,,,,,,,,,
212,96,,,,,,,,,,,,,,,,,
212,93,,,,,,,,,,,,,,,,,
212,92,,,,,,,,,,,,,,,,,
212,90,,,,,,,,,,,,,,,,,
212,89,,,,,,,,,,,,,,,,,
212,86,,,,,,,,,,,,,,,,,
212,85,,,,,,,,,,,,,,,,,
212,83,,,,,,,,,,,,,,,,,
212,82,,,,,,,,,,,,,,,,,
212,79,,,,,,,,,,,,,,,,,
212,78,,,,,,,,,,,,,,,,,
213,111,,,,,,,,,,,,,,,,,
213,110,,,,,,,,,,,,,,,,,
213,107,,,,,,,,,,,,,,,,,
213,106,,,,,,,,,,,,,,,,,
213,104,,,,,,,,,,,,,,,,,
213,103,,,,,,,,,,,,,,,,,
213,100,,,,,,,,,,,,,,,,,
213,99,,,,,,,,,,,,,,,,,
213,97,,,,,,,,,,,,,,,,,
213,96,,,,,,,,,,,,,,,,,
213,93,,,,,,,,,,,,,,,,,
213,92,,,,,,,,,,,,,,,,,
213,90,,,,,,,,,,,,,,,,,
213,89,,,,,,,,,,,,,,,,,
213,86,,,,,,,,,,,,,,,,,
213,85,,,,,,,,,,,,,,,,,
213,83,,,,,,,,,,,,,,,,,
213,82,,,,,,,,,,,,,,,,,
213,79,,,,,,,,,,,,,,,,,
213,78,,,,,,,,,,,,,,,,,
214,110,,,,,,,,,,,,,,,,,
214,109,,,,,,,,,,,,,,,,,
214,108,,,,,,,,,,,,,,,,,
214,107,,,,,,,,,,,,,,,,,
214,103,,,,,,,,,,,,,,,,,
214,102,,,,,,,,,,,,,,,,,
214,101,,,,,,,,,,,,,,,,,
214,100,,,,,,,,,,,,,,,,,
214,96,,,,,,,,,,,,,,,,,
214,95,,,,,,,,,,,,,,,,,
214,94,,,,,,,,,,,,,,,,,
214,93,,,,,,,,,,,,,,,,,
214,89,,,,,,,,,,,,,,,,,
214,88,,,,,,,,,,,,,,,,,
214,87,,,,,,,,,,,,,,,,,
214,86,,,,,,,,,,,,,,,,,
214,82,,,,,,,,,,,,,,,,,
214,81,,,,,,,,,,,,,,,,,
214,80,,,,,,,,,,,,,,,,,
214,79,,,,,,,,,,,,,,,,,
215,109,,,,,,,,,,,,,,,,,
215,108,,,,,,,,,,,,,,,,,
215,102,,,,,,,,,,,,,,,,,
215,101,,,,,,,,,,,,,,,,,
215,95,,,,,,,,,,,,,,,,,
215,94,,,,,,,,,,,,,,,,,
215,88,,,,,,,,,,,,,,,,,
215,87,,,,,,,,,,,,,,,,,
215,81,,,,,,,,,,,,,,,,,
215,80,,,,,,,,,,,,,,,,,
216,110,,,,,,,,,,,,,,,,,
216,109,,,,,,,,,,,,,,,,,
216,108,,,,,,,,,,,,,,,,,
216,107,,,,,,,,,,,,,,,,,
216,103,,,,,,,,,,,,,,,,,
216,102,,,,,,,,,,,,,,,,,
216,101,,,,,,,,,,,,,,,,,
216,100,,,,,,,,,,,,,,,,,
216,96,,,,,,,,,,,,,,,,,
216,95,,,,,,,,,,,,,,,,,
216,94,,,,,,,,,,,,,,,,,
216,93,,,,,,,,,,,,,,,,,
216,89,,,,,,,,,,,,,,,,,
216,88,,,,,,,,,,,,,,,,,
216,87,,,,,,,,,,,,,,,,,
216,86,,,,,,,,,,,,,,,,,
216,82,,,,,,,,,,,,,,,,,
216,81,,,,,,,,,,,,,,,,,
216,80,,,,,,,,,,,,,,,,,
216,79,,,,,,,,,,,,,,,,,
217,111,,,,,,,,,,,,,,,,,
217,110,,,,,,,,,,,,,,,,,
217,107,,,,,,,,,,,,,,,,,
217,106,,,,,,,,,,,,,,,,,
217,104,,,,,,,,,,,,,,,,,
217,103,,,,,,,,,,,,,,,,,
217,100,,,,,,,,,,,,,,,,,
217,99,,,,,,,,,,,,,,,,,
217,97,,,,,,,,,,,,,,,,,
217,96,,,,,,,,,,,,,,,,,
217,93,,,,,,,,,,,,,,,,,
217,92,,,,,,,,,,,,,,,,,
217,90,,,,,,,,,,,,,,,,,
217,89,,,,,,,,,,,,,,,,,
217,86,,,,,,,,,,,,,,,,,
217,85,,,,,,,,,,,,,,,,,
217,83,,,,,,,,,,,,,,,,,
217,82,,,,,,,,,,,,,,,,,
217,79,,,,,,,,,,,,,,,,,
217,78,,,,,,,,,,,,,,,,,
218,111,,,,,,,,,,,,,,,,,
218,110,,,,,,,,,,,,,,,,,
218,107,,,,,,,,,,,,,,,,,
218,106,,,,,,,,,,,,,,,,,
218,104,,,,,,,,,,,,,,,,,
218,103,,,,,,,,,,,,,,,,,
218,100,,,,,,,,,,,,,,,,,
218,99,,,,,,,,,,,,,,,,,
218,97,,,,,,,,,,,,,,,,,
218,96,,,,,,,,,,,,,,,,,
218,93,,,,,,,,,,,,,,,,,
218,92,,,,,,,,,,,,,,,,,
218,90,,,,,,,,,,,,,,,,,
218,89,,,,,,,,,,,,,,,,,
218,86,,,,,,,,,,,,,,,,,
218,85,,,,,,,,,,,,,,,,,
218,83,,,,,,,,,,,,,,,,,
218,82,,,,,,,,,,,,,,,,,
218,79,,,,,,,,,,,,,,,,,
218,78,,,,,,,,,,,,,,,,,
220,97,,,,,,,,,,,,,,,,,
220,96,,,,,,,,,,,,,,,,,
220,93,,,,,,,,,,,,,,,,,
220,92,,,,,,,,,,,,,,,,,
221,97,,,,,,,,,,,,,,,,,
221,96,,,,,,,,,,,,,,,,,
221,93,,,,,,,,,,,,,,,,,
221,92,,,,,,,,,,,,,,,,,
222,96,,,,,,,,,,,,,,,,,
222,95,,,,,,,,,,,,,,,,,
222,94,,,,,,,,,,,,,,,,,
222,93,,,,,,,,,,,,,,,,,
223,95,,,,,,,,,,,,,,,,,
223,94,,,,,,,,,,,,,,,,,
224,96,,,,,,,,,,,,,,,,,
224,95,,,,,,,,,,,,,,,,,
224,94,,,,,,,,,,,,,,,,,
224,93,,,,,,,,,,,,,,,,,
225,97,,,,,,,,,,,,,,,,,
225,96,,,,,,,,,,,,,,,,,
225,93,,,,,,,,,,,,,,,,,
225,92,,,,,,,,,,,,,,,,,
226,97,,,,,,,,,,,,,,,,,
226,96,,,,,,,,,,,,,,,,,
226,93,,,,,,,,,,,,,,,,,
226,92,,,,,,,,,,,,,,,,,
228,111,,,,,,,,,,,,,,,,,
228,110,,,,,,,,,,,,,,,,,
228,107,,,,,,,,,,,,,,,,,
228,106,,,,,,,,,,,,,,,,,
228,104,,,,,,,,,,,,,,,,,
228,103,,,,,,,,,,,,,,,,,
228,100,,,,,,,,,,,,,,,,,
228,99,,,,,,,,,,,,,,,,,
228,97,,,,,,,,,,,,,,,,,
228,96,,,,,,,,,,,,,,,,,
228,93,,,,,,,,,,,,,,,,,
228,92,,,,,,,,,,,,,,,,,
228,90,,,,,,,,,,,,,,,,,
228,89,,,,,,,,,,,,,,,,,
228,86,,,,,,,,,,,,,,,,,
228,85,,,,,,,,,,,,,,,,,
228,83,,,,,,,,,,,,,,,,,
228,82,,,,,,,,,,,,,,,,,
228,79,,,,,,,,,,,,,,,,,
228,78,,,,,,,,,,,,,,,,,
229,111,,,,,,,,,,,,,,,,,
229,110,,,,,,,,,,,,,,,,,
229,107,,,,,,,,,,,,,,,,,
229,106,,,,,,,,,,,,,,,,,
229,104,,,,,,,,,,,,,,,,,
229,103,,,,,,,,,,,,,,,,,
229,100,,,,,,,,,,,,,,,,,
229,99,,,,,,,,,,,,,,,,,
229,97,,,,,,,,,,,,,,,,,
229,96,,,,,,,,,,,,,,,,,
229,93,,,,,,,,,,,,,,,,,
229,92,,,,,,,,,,,,,,,,,
229,90,,,,,,,,,,,,,,,,,
229,89,,,,,,,,,,,,,,,,,
229,86,,,,,,,,,,,,,,,,,
229,85,,,,,,,,,,,,,,,,,
229,83,,,,,,,,,,,,,,,,,
229,82,,,,,,,,,,,,,,,,,
229,79,,,,,,,,,,,,,,,,,
229,78,,,,,,,,,,,,,,,,,
230,110,,,,,,,,,,,,,,,,,
230,109,,,,,,,,,,,,,,,,,
230,108,,,,,,,,,,,,,,,,,
230,107,,,,,,,,,,,,,,,,,
230,103,,,,,,,,,,,,,,,,,
230,102,,,,,,,,,,,,,,,,,
230,101,,,,,,,,,,,,,,,,,
230,100,,,,,,,,,,,,,,,,,
230,96,,,,,,,,,,,,,,,,,
230,95,,,,,,,,,,,,,,,,,
230,94,,,,,,,,,,,,,,,,,
230,93,,,,,,,,,,,,,,,,,
230,89,,,,,,,,,,,,,,,,,
230,88,,,,,,,,,,,,,,,,,
230,87,,,,,,,,,,,,,,,,,
230,86,,,,,,,,,,,,,,,,,
230,82,,,,,,,,,,,,,,,,,
230,81,,,,,,,,,,,,,,,,,
230,80,,,,,,,,,,,,,,,,,
230,79,,,,,,,,,,,,,,,,,
231,109,,,,,,,,,,,,,,,,,
231,108,,,,,,,,,,,,,,,,,
231,102,,,,,,,,,,,,,,,,,
231,101,,,,,,,,,,,,,,,,,
231,95,,,,,,,,,,,,,,,,,
231,94,,,,,,,,,,,,,,,,,
231,88,,,,,,,,,,,,,,,,,
231,87,,,,,,,,,,,,,,,,,
231,81,,,,,,,,,,,,,,,,,
231,80,,,,,,,,,,,,,,,,,
232,110,,,,,,,,,,,,,,,,,
232,109,,,,,,,,,,,,,,,,,
232,108,,,,,,,,,,,,,,,,,
232,107,,,,,,,,,,,,,,,,,
232,103,,,,,,,,,,,,,,,,,
232,102,,,,,,,,,,,,,,,,,
232,101,,,,,,,,,,,,,,,,,
232,100,,,,,,,,,,,,,,,,,
232,96,,,,,,,,,,,,,,,,,
232,95,,,,,,,,,,,,,,,,,
232,94,,,,,,,,,,,,,,,,,
232,93,,,,,,,,,,,,,,,,,
232,89,,,,,,,,,,,,,,,,,
232,88,,,,,,,,,,,,,,,,,
232,87,,,,,,,,,,,,,,,,,
232,86,,,,,,,,,,,,,,,,,
232,82,,,,,,,,,,,,,,,,,
232,81,,,,,,,,,,,,,,,,,
232,80,,,,,,,,,,,,,,,,,
232,79,,,,,,,,,,,,,,,,,
233,111,,,,,,,,,,,,,,,,,
233,110,,,,,,,,,,,,,,,,,
233,107,,,,,,,,,,,,,,,,,
233,106,,,,,,,,,,,,,,,,,
233,104,,,,,,,,,,,,,,,,,
233,103,,,,,,,,,,,,,,,,,
233,100,,,,,,,,,,,,,,,,,
233,99,,,,,,,,,,,,,,,,,
233,97,,,,,,,,,,,,,,,,,
233,96,,,,,,,,,,,,,,,,,
233,93,,,,,,,,,,,,,,,,,
233,92,,,,,,,,,,,,,,,,,
233,90,,,,,,,,,,,,,,,,,
233,89,,,,,,,,,,,,,,,,,
233,86,,,,,,,,,,,,,,,,,
233,85,,,,,,,,,,,,,,,,,
233,83,,,,,,,,,,,,,,,,,
233,82,,,,,,,,,,,,,,,,,
233,79,,,,,,,,,,,,,,,,,
233,78,,,,,,,,,,,,,,,,,
234,111,,,,,,,,,,,,,,,,,
234,110,,,,,,,,,,,,,,,,,
234,107,,,,,,,,,,,,,,,,,
234,106,,,,,,,,,,,,,,,,,
234,104,,,,,,,,,,,,,,,,,
234,103,,,,,,,,,,,,,,,,,
234,100,,,,,,,,,,,,,,,,,
234,99,,,,,,,,,,,,,,,,,
234,97,,,,,,,,,,,,,,,,,
234,96,,,,,,,,,,,,,,,,,
234,93,,,,,,,,,,,,,,,,,
234,92,,,,,,,,,,,,,,,,,
234,90,,,,,,,,,,,,,,,,,
234,89,,,,,,,,,,,,,,,,,
234,86,,,,,,,,,,,,,,,,,
234,85,,,,,,,,,,,,,,,,,
234,83,,,,,,,,,,,,,,,,,
234,82,,,,,,,,,,,,,,,,,
234,79,,,,,,,,,,,,,,,,,
234,78,,,,,,,,,,,,,,,,,
238,111,,,,,,,,,,,,,,,,,
238,110,,,,,,,,,,,,,,,,,
238,107,,,,,,,,,,,,,,,,,
238,106,,,,,,,,,,,,,,,,,
238,104,,,,,,,,,,,,,,,,,
238,103,,,,,,,,,,,,,,,,,
238,100,,,,,,,,,,,,,,,,,
238,99,,,,,,,,,,,,,,,,,
238,97,,,,,,,,,,,,,,,,,
238,96,,,,,,,,,,,,,,,,,
238,93,,,,,,,,,,,,,,,,,
238,92,,,,,,,,,,,,,,,,,
238,90,,,,,,,,,,,,,,,,,
238,89,,,,,,,,,,,,,,,,,
238,86,,,,,,,,,,,,,,,,,
238,85,,,,,,,,,,,,,,,,,
238,83,,,,,,,,,,,,,,,,,
238,82,,,,,,,,,,,,,,,,,
238,79,,,,,,,,,,,,,,,,,
238,78,,,,,,,,,,,,,,,,,
239,111,,,,,,,,,,,,,,,,,
239,110,,,,,,,,,,,,,,,,,
239,107,,,,,,,,,,,,,,,,,
239,106,,,,,,,,,,,,,,,,,
239,104,,,,,,,,,,,,,,,,,
239,103,,,,,,,,,,,,,,,,,
239,100,,,,,,,,,,,,,,,,,
239,99,,,,,,,,,,,,,,,,,
239,97,,,,,,,,,,,,,,,,,
239,96,,,,,,,,,,,,,,,,,
239,93,,,,,,,,,,,,,,,,,
239,92,,,,,,,,,,,,,,,,,
239,90,,,,,,,,,,,,,,,,,
239,89,,,,,,,,,,,,,,,,,
239,86,,,,,,,,,,,,,,,,,
239,85,,,,,,,,,,,,,,,,,
239,83,,,,,,,,,,,,,,,,,
239,82,,,,,,,,,,,,,,,,,
239,79,,,,,,,,,,,,,,,,,
239,78,,,,,,,,,,,,,,,,,
240,110,,,,,,,,,,,,,,,,,
240,109,,,,,,,,,,,,,,,,,
240,108,,,,,,,,,,,,,,,,,
240,107,,,,,,,,,,,,,,,,,
240,103,,,,,,,,,,,,,,,,,
240,102,,,,,,,,,,,,,,,,,
240,101,,,,,,,,,,,,,,,,,
240,100,,,,,,,,,,,,,,,,,
240,96,,,,,,,,,,,,,,,,,
240,95,,,,,,,,,,,,,,,,,
240,94,,,,,,,,,,,,,,,,,
240,93,,,,,,,,,,,,,,,,,
240,89,,,,,,,,,,,,,,,,,
240,88,,,,,,,,,,,,,,,,,
240,87,,,,,,,,,,,,,,,,,
240,86,,,,,,,,,,,,,,,,,
240,82,,,,,,,,,,,,,,,,,
240,81,,,,,,,,,,,,,,,,,
240,80,,,,,,,,,,,,,,,,,
240,79,,,,,,,,,,,,,,,,,
241,109,,,,,,,,,,,,,,,,,
241,108,,,,,,,,,,,,,,,,,
241,102,,,,,,,,,,,,,,,,,
241,101,,,,,,,,,,,,,,,,,
241,95,,,,,,,,,,,,,,,,,
241,94,,,,,,,,,,,,,,,,,
241,88,,,,,,,,,,,,,,,,,
241,87,,,,,,,,,,,,,,,,,
241,81,,,,,,,,,,,,,,,,,
241,80,,,,,,,,,,,,,,,,,
242,110,,,,,,,,,,,,,,,,,
242,109,,,,,,,,,,,,,,,,,
242,108,,,,,,,,,,,,,,,,,
242,107,,,,,,,,,,,,,,,,,
242,103,,,,,,,,,,,,,,,,,
242,102,,,,,,,,,,,,,,,,,
242,101,,,,,,,,,,,,,,,,,
242,100,,,,,,,,,,,,,,,,,
242,96,,,,,,,,,,,,,,,,,
242,95,,,,,,,,,,,,,,,,,
242,94,,,,,,,,,,,,,,,,,
242,93,,,,,,,,,,,,,,,,,
242,89,,,,,,,,,,,,,,,,,
242,88,,,,,,,,,,,,,,,,,
242,87,,,,,,,,,,,,,,,,,
242,86,,,,,,,,,,,,,,,,,
242,82,,,,,,,,,,,,,,,,,
242,81,,,,,,,,,,,,,,,,,
242,80,,,,,,,,,,,,,,,,,
242,79,,,,,,,,,,,,,,,,,
243,111,,,,,,,,,,,,,,,,,
243,110,,,,,,,,,,,,,,,,,
243,107,,,,,,,,,,,,,,,,,
243,106,,,,,,,,,,,,,,,,,
243,104,,,,,,,,,,,,,,,,,
243,103,,,,,,,,,,,,,,,,,
243,100,,,,,,,,,,,,,,,,,
243,99,,,,,,,,,,,,,,,,,
243,97,,,,,,,,,,,,,,,,,
243,96,,,,,,,,,,,,,,,,,
243,93,,,,,,,,,,,,,,,,,
243,92,,,,,,,,,,,,,,,,,
243,90,,,,,,,,,,,,,,,,,
243,89,,,,,,,,,,,,,,,,,
243,86,,,,,,,,,,,,,,,,,
243,85,,,,,,,,,,,,,,,,,
243,83,,,,,,,,,,,,,,,,,
243,82,,,,,,,,,,,,,,,,,
243,79,,,,,,,,,,,,,,,,,
243,78,,,,,,,,,,,,,,,,,
244,111,,,,,,,,,,,,,,,,,
244,110,,,,,,,,,,,,,,,,,
244,107,,,,,,,,,,,,,,,,,
244,106,,,,,,,,,,,,,,,,,
244,104,,,,,,,,,,,,,,,,,
244,103,,,,,,,,,,,,,,,,,
244,100,,,,,,,,,,,,,,,,,
244,99,,,,,,,,,,,,,,,,,
244,97,,,,,,,,,,,,,,,,,
244,96,,,,,,,,,,,,,,,,,
244,93,,,,,,,,,,,,,,,,,
244,92,,,,,,,,,,,,,,,,,
244,90,,,,,,,,,,,,,,,,,
244,89,,,,,,,,,,,,,,,,,
244,86,,,,,,,,,,,,,,,,,
244,85,,,,,,,,,,,,,,,,,
244,83,,,,,,,,,,,,,,,,,
244,82,,,,,,,,,,,,,,,,,
244,79,,,,,,,,,,,,,,,,,
244,78,,,,,,,,,,,,,,,,,
246,97,,,,,,,,,,,,,,,,,
246,96,,,,,,,,,,,,,,,,,
246,93,,,,,,,,,,,,,,,,,
246,92,,,,,,,,,,,,,,,,,
247,97,,,,,,,,,,,,,,,,,
247,96,,,,,,,,,,,,,,,,,
247,93,,,,,,,,,,,,,,,,,
247,92,,,,,,,,,,,,,,,,,
248,96,,,,,,,,,,,,,,,,,
248,95,,,,,,,,,,,,,,,,,
248,94,,,,,,,,,,,,,,,,,
248,93,,,,,,,,,,,,,,,,,
249,95,,,,,,,,,,,,,,,,,
249,94,,,,,,,,,,,,,,,,,
250,96,,,,,,,,,,,,,,,,,
250,95,,,,,,,,,,,,,,,,,
250,94,,,,,,,,,,,,,,,,,
250,93,,,,,,,,,,,,,,,,,
251,97,,,,,,,,,,,,,,,,,
251,96,,,,,,,,,,,,,,,,,
251,93,,,,,,,,,,,,,,,,,
251,92,,,,,,,,,,,,,,,,,
252,97,,,,,,,,,,,,,,,,,
252,96,,,,,,,,,,,,,,,,,
252,93,,,,,,,,,,,,,,,,,
252,92,,,,,,,,,,,,,,,,,
254,111,,,,,,,,,,,,,,,,,
254,110,,,,,,,,,,,,,,,,,
254,107,,,,,,,,,,,,,,,,,
254,106,,,,,,,,,,,,,,,,,
254,104,,,,,,,,,,,,,,,,,
254,103,,,,,,,,,,,,,,,,,
254,100,,,,,,,,,,,,,,,,,
254,99,,,,,,,,,,,,,,,,,
254,97,,,,,,,,,,,,,,,,,
254,96,,,,,,,,,,,,,,,,,
254,93,,,,,,,,,,,,,,,,,
254,92,,,,,,,,,,,,,,,,,
254,90,,,,,,,,,,,,,,,,,
254,89,,,,,,,,,,,,,,,,,
254,86,,,,,,,,,,,,,,,,,
254,85,,,,,,,,,,,,,,,,,
254,83,,,,,,,,,,,,,,,,,
254,82,,,,,,,,,,,,,,,,,
254,79,,,,,,,,,,,,,,,,,
254,78,,,,,,,,,,,,,,,,,
255,111,,,,,,,,,,,,,,,,,
255,110,,,,,,,,,,,,,,,,,
255,107,,,,,,,,,,,,,,,,,
255,106,,,,,,,,,,,,,,,,,
255,104,,,,,,,,,,,,,,,,,
255,103,,,,,,,,,,,,,,,,,
255,100,,,,,,,,,,,,,,,,,
255,99,,,,,,,,,,,,,,,,,
255,97,,,,,,,,,,,,,,,,,
255,96,,,,,,,,,,,,,,,,,
255,93,,,,,,,,,,,,,,,,,
255,92,,,,,,,,,,,,,,,,,
255,90,,,,,,,,,,,,,,,,,
255,89,,,,,,,,,,,,,,,,,
255,86,,,,,,,,,,,,,,,,,
255,85,,,,,,,,,,,,,,,,,
255,83,,,,,,,,,,,,,,,,,
255,82,,,,,,,,,,,,,,,,,
255,79,,,,,,,,,,,,,,,,,
255,78,,,,,,,,,,,,,,,,,
256,110,,,,,,,,,,,,,,,,,
256,109,,,,,,,,,,,,,,,,,
256,108,,,,,,,,,,,,,,,,,
256,107,,,,,,,,,,,,,,,,,
256,103,,,,,,,,,,,,,,,,,
256,102,,,,,,,,,,,,,,,,,
256,101,,,,,,,,,,,,,,,,,
256,100,,,,,,,,,,,,,,,,,
256,96,,,,,,,,,,,,,,,,,
256,95,,,,,,,,,,,,,,,,,
256,94,,,,,,,,,,,,,,,,,
256,93,,,,,,,,,,,,,,,,,
256,89,,,,,,,,,,,,,,,,,
256,88,,,,,,,,,,,,,,,,,
256,87,,,,,,,,,,,,,,,,,
256,86,,,,,,,,,,,,,,,,,
256,82,,,,,,,,,,,,,,,,,
256,81,,,,,,,,,,,,,,,,,
256,80,,,,,,,,,,,,,,,,,
256,79,,,,,,,,,,,,,,,,,
257,109,,,,,,,,,,,,,,,,,
257,108,,,,,,,,,,,,,,,,,
257,102,,,,,,,,,,,,,,,,,
257,101,,,,,,,,,,,,,,,,,
257,95,,,,,,,,,,,,,,,,,
257,94,,,,,,,,,,,,,,,,,
257,88,,,,,,,,,,,,,,,,,
257,87,,,,,,,,,,,,,,,,,
257,81,,,,,,,,,,,,,,,,,
257,80,,,,,,,,,,,,,,,,,
258,110,,,,,,,,,,,,,,,,,
258,109,,,,,,,,,,,,,,,,,
258,108,,,,,,,,,,,,,,,,,
258,107,,,,,,,,,,,,,,,,,
258,103,,,,,,,,,,,,,,,,,
258,102,,,,,,,,,,,,,,,,,
258,101,,,,,,,,,,,,,,,,,
258,100,,,,,,,,,,,,,,,,,
258,96,,,,,,,,,,,,,,,,,
258,95,,,,,,,,,,,,,,,,,
258,94,,,,,,,,,,,,,,,,,
258,93,,,,,,,,,,,,,,,,,
258,89,,,,,,,,,,,,,,,,,
258,88,,,,,,,,,,,,,,,,,
258,87,,,,,,,,,,,,,,,,,
258,86,,,,,,,,,,,,,,,,,
258,82,,,,,,,,,,,,,,,,,
258,81,,,,,,,,,,,,,,,,,
258,80,,,,,,,,,,,,,,,,,
258,79,,,,,,,,,,,,,,,,,
259,111,,,,,,,,,,,,,,,,,
259,110,,,,,,,,,,,,,,,,,
259,107,,,,,,,,,,,,,,,,,
259,106,,,,,,,,,,,,,,,,,
259,104,,,,,,,,,,,,,,,,,
259,103,,,,,,,,,,,,,,,,,
259,100,,,,,,,,,,,,,,,,,
259,99,,,,,,,,,,,,,,,,,
259,97,,,,,,,,,,,,,,,,,
259,96,,,,,,,,,,,,,,,,,
259,93,,,,,,,,,,,,,,,,,
259,92,,,,,,,,,,,,,,,,,
259,90,,,,,,,,,,,,,,,,,
259,89,,,,,,,,,,,,,,,,,
259,86,,,,,,,,,,,,,,,,,
259,85,,,,,,,,,,,,,,,,,
259,83,,,,,,,,,,,,,,,,,
259,82,,,,,,,,,,,,,,,,,
259,79,,,,,,,,,,,,,,,,,
259,78,,,,,,,,,,,,,,,,,
260,111,,,,,,,,,,,,,,,,,
260,110,,,,,,,,,,,,,,,,,
260,107,,,,,,,,,,,,,,,,,
260,106,,,,,,,,,,,,,,,,,
260,104,,,,,,,,,,,,,,,,,
260,103,,,,,,,,,,,,,,,,,
260,100,,,,,,,,,,,,,,,,,
260,99,,,,,,,,,,,,,,,,,
260,97,,,,,,,,,,,,,,,,,
260,96,,,,,,,,,,,,,,,,,
260,93,,,,,,,,,,,,,,,,,
260,92,,,,,,,,,,,,,,,,,
260,90,,,,,,,,,,,,,,,,,
260,89,,,,,,,,,,,,,,,,,
260,86,,,,,,,,,,,,,,,,,
260,85,,,,,,,,,,,,,,,,,
260,83,,,,,,,,,,,,,,,,,
260,82,,,,,,,,,,,,,,,,,
260,79,,,,,,,,,,,,,,,,,
260,78,,,,,,,,,,,,,,,,,
264,111,,,,,,,,,,,,,,,,,
264,110,,,,,,,,,,,,,,,,,
264,107,,,,,,,,,,,,,,,,,
264,106,,,,,,,,,,,,,,,,,
264,104,,,,,,,,,,,,,,,,,
264,103,,,,,,,,,,,,,,,,,
264,100,,,,,,,,,,,,,,,,,
264,99,,,,,,,,,,,,,,,,,
264,97,,,,,,,,,,,,,,,,,
264,96,,,,,,,,,,,,,,,,,
264,93,,,,,,,,,,,,,,,,,
264,92,,,,,,,,,,,,,,,,,
264,90,,,,,,,,,,,,,,,,,
264,89,,,,,,,,,,,,,,,,,
264,86,,,,,,,,,,,,,,,,,
264,85,,,,,,,,,,,,,,,,,
264,83,,,,,,,,,,,,,,,,,
264,82,,,,,,,,,,,,,,,,,
264,79,,,,,,,,,,,,,,,,,
264,78,,,,,,,,,,,,,,,,,
265,111,,,,,,,,,,,,,,,,,
265,110,,,,,,,,,,,,,,,,,
265,107,,,,,,,,,,,,,,,,,
265,106,,,,,,,,,,,,,,,,,
265,104,,,,,,,,,,,,,,,,,
265,103,,,,,,,,,,,,,,,,,
265,100,,,,,,,,,,,,,,,,,
265,99,,,,,,,,,,,,,,,,,
265,97,,,,,,,,,,,,,,,,,
265,96,,,,,,,,,,,,,,,,,
265,93,,,,,,,,,,,,,,,,,
265,92,,,,,,,,,,,,,,,,,
265,90,,,,,,,,,,,,,,,,,
265,89,,,,,,,,,,,,,,,,,
265,86,,,,,,,,,,,,,,,,,
265,85,,,,,,,,,,,,,,,,,
265,83,,,,,,,,,,,,,,,,,
265,82,,,,,,,,,,,,,,,,,
265,79,,,,,,,,,,,,,,,,,
265,78,,,,,,,,,,,,,,,,,
266,110,,,,,,,,,,,,,,,,,
266,109,,,,,,,,,,,,,,,,,
266,108,,,,,,,,,,,,,,,,,
266,107,,,,,,,,,,,,,,,,,
266,103,,,,,,,,,,,,,,,,,
266,102,,,,,,,,,,,,,,,,,
266,101,,,,,,,,,,,,,,,,,
266,100,,,,,,,,,,,,,,,,,
266,96,,,,,,,,,,,,,,,,,
266,95,,,,,,,,,,,,,,,,,
266,94,,,,,,,,,,,,,,,,,
266,93,,,,,,,,,,,,,,,,,
266,89,,,,,,,,,,,,,,,,,
266,88,,,,,,,,,,,,,,,,,
266,87,,,,,,,,,,,,,,,,,
266,86,,,,,,,,,,,,,,,,,
266,82,,,,,,,,,,,,,,,,,
266,81,,,,,,,,,,,,,,,,,
266,80,,,,,,,,,,,,,,,,,
266,79,,,,,,,,,,,,,,,,,
267,109,,,,,,,,,,,,,,,,,
267,108,,,,,,,,,,,,,,,,,
267,102,,,,,,,,,,,,,,,,,
267,101,,,,,,,,,,,,,,,,,
267,95,,,,,,,,,,,,,,,,,
267,94,,,,,,,,,,,,,,,,,
267,88,,,,,,,,,,,,,,,,,
267,87,,,,,,,,,,,,,,,,,
267,81,,,,,,,,,,,,,,,,,
267,80,,,,,,,,,,,,,,,,,
268,110,,,,,,,,,,,,,,,,,
268,109,,,,,,,,,,,,,,,,,
268,108,,,,,,,,,,,,,,,,,
268,107,,,,,,,,,,,,,,,,,
268,103,,,,,,,,,,,,,,,,,
268,102,,,,,,,,,,,,,,,,,
268,101,,,,,,,,,,,,,,,,,
268,100,,,,,,,,,,,,,,,,,
268,96,,,,,,,,,,,,,,,,,
268,95,,,,,,,,,,,,,,,,,
268,94,,,,,,,,,,,,,,,,,
268,93,,,,,,,,,,,,,,,,,
268,89,,,,,,,,,,,,,,,,,
268,88,,,,,,,,,,,,,,,,,
268,87,,,,,,,,,,,,,,,,,
268,86,,,,,,,,,,,,,,,,,
268,82,,,,,,,,,,,,,,,,,
268,81,,,,,,,,,,,,,,,,,
268,80,,,,,,,,,,,,,,,,,
268,79,,,,,,,,,,,,,,,,,
269,111,,,,,,,,,,,,,,,,,
269,110,,,,,,,,,,,,,,,,,
269,107,,,,,,,,,,,,,,,,,
269,106,,,,,,,,,,,,,,,,,
269,104,,,,,,,,,,,,,,,,,
269,103,,,,,,,,,,,,,,,,,
269,100,,,,,,,,,,,,,,,,,
269,99,,,,,,,,,,,,,,,,,
269,97,,,,,,,,,,,,,,,,,
269,96,,,,,,,,,,,,,,,,,
269,93,,,,,,,,,,,,,,,,,
269,92,,,,,,,,,,,,,,,,,
269,90,,,,,,,,,,,,,,,,,
269,89,,,,,,,,,,,,,,,,,
269,86,,,,,,,,,,,,,,,,,
269,85,,,,,,,,,,,,,,,,,
269,83,,,,,,,,,,,,,,,,,
269,82,,,,,,,,,,,,,,,,,
269,79,,,,,,,,,,,,,,,,,
269,78,,,,,,,,,,,,,,,,,
270,111,,,,,,,,,,,,,,,,,
270,110,,,,,,,,,,,,,,,,,
270,107,,,,,,,,,,,,,,,,,
270,106,,,,,,,,,,,,,,,,,
270,104,,,,,,,,,,,,,,,,,
270,103,,,,,,,,,,,,,,,,,
270,100,,,,,,,,,,,,,,,,,
270,99,,,,,,,,,,,,,,,,,
270,97,,,,,,,,,,,,,,,,,
270,96,,,,,,,,,,,,,,,,,
270,93,,,,,,,,,,,,,,,,,
270,92,,,,,,,,,,,,,,,,,
270,90,,,,,,,,,,,,,,,,,
270,89,,,,,,,,,,,,,,,,,
270,86,,,,,,,,,,,,,,,,,
270,85,,,,,,,,,,,,,,,,,
270,83,,,,,,,,,,,,,,,,,
270,82,,,,,,,,,,,,,,,,,
270,79,,,,,,,,,,,,,,,,,
270,78,,,,,,,,,,,,,,,,,
274,111,,,,,,,,,,,,,,,,,
274,110,,,,,,,,,,,,,,,,,
274,107,,,,,,,,,,,,,,,,,
274,106,,,,,,,,,,,,,,,,,
274,104,,,,,,,,,,,,,,,,,
274,103,,,,,,,,,,,,,,,,,
274,100,,,,,,,,,,,,,,,,,
274,99,,,,,,,,,,,,,,,,,
274,97,,,,,,,,,,,,,,,,,
274,96,,,,,,,,,,,,,,,,,
274,93,,,,,,,,,,,,,,,,,
274,92,,,,,,,,,,,,,,,,,
274,90,,,,,,,,,,,,,,,,,
274,89,,,,,,,,,,,,,,,,,
274,86,,,,,,,,,,,,,,,,,
274,85,,,,,,,,,,,,,,,,,
274,83,,,,,,,,,,,,,,,,,
274,82,,,,,,,,,,,,,,,,,
274,79,,,,,,,,,,,,,,,,,
274,78,,,,,,,,,,,,,,,,,
275,111,,,,,,,,,,,,,,,,,
275,110,,,,,,,,,,,,,,,,,
275,107,,,,,,,,,,,,,,,,,
275,106,,,,,,,,,,,,,,,,,
275,104,,,,,,,,,,,,,,,,,
275,103,,,,,,,,,,,,,,,,,
275,100,,,,,,,,,,,,,,,,,
275,99,,,,,,,,,,,,,,,,,
275,97,,,,,,,,,,,,,,,,,
275,96,,,,,,,,,,,,,,,,,
275,93,,,,,,,,,,,,,,,,,
275,92,,,,,,,,,,,,,,,,,
275,90,,,,,,,,,,,,,,,,,
275,89,,,,,,,,,,,,,,,,,
275,86,,,,,,,,,,,,,,,,,
275,85,,,,,,,,,,,,,,,,,
275,83,,,,,,,,,,,,,,,,,
275,82,,,,,,,,,,,,,,,,,
275,79,,,,,,,,,,,,,,,,,
275,78,,,,,,,,,,,,,,,,,
276,110,,,,,,,,,,,,,,,,,
276,109,,,,,,,,,,,,,,,,,
276,108,,,,,,,,,,,,,,,,,
276,107,,,,,,,,,,,,,,,,,
276,103,,,,,,,,,,,,,,,,,
276,102,,,,,,,,,,,,,,,,,
276,101,,,,,,,,,,,,,,,,,
276,100,,,,,,,,,,,,,,,,,
276,96,,,,,,,,,,,,,,,,,
276,95,,,,,,,,,,,,,,,,,
276,94,,,,,,,,,,,,,,,,,
276,93,,,,,,,,,,,,,,,,,
276,89,,,,,,,,,,,,,,,,,
276,88,,,,,,,,,,,,,,,,,
276,87,,,,,,,,,,,,,,,,,
276,86,,,,,,,,,,,,,,,,,
276,82,,,,,,,,,,,,,,,,,
276,81,,,,,,,,,,,,,,,,,
276,80,,,,,,,,,,,,,,,,,
276,79,,,,,,,,,,,,,,,,,
277,109,,,,,,,,,,,,,,,,,
277,108,,,,,,,,,,,,,,,,,
277,102,,,,,,,,,,,,,,,,,
277,101,,,,,,,,,,,,,,,,,
277,95,,,,,,,,,,,,,,,,,
277,94,,,,,,,,,,,,,,,,,
277,88,,,,,,,,,,,,,,,,,
277,87,,,,,,,,,,,,,,,,,
277,81,,,,,,,,,,,,,,,,,
277,80,,,,,,,,,,,,,,,,,
278,110,,,,,,,,,,,,,,,,,
278,109,,,,,,,,,,,,,,,,,
278,108,,,,,,,,,,,,,,,,,
278,107,,,,,,,,,,,,,,,,,
278,103,,,,,,,,,,,,,,,,,
278,102,,,,,,,,,,,,,,,,,
278,101,,,,,,,,,,,,,,,,,
278,100,,,,,,,,,,,,,,,,,
278,96,,,,,,,,,,,,,,,,,
278,95,,,,,,,,,,,,,,,,,
278,94,,,,,,,,,,,,,,,,,
278,93,,,,,,,,,,,,,,,,,
278,89,,,,,,,,,,,,,,,,,
278,88,,,,,,,,,,,,,,,,,
278,87,,,,,,,,,,,,,,,,,
278,86,,,,,,,,,,,,,,,,,
278,82,,,,,,,,,,,,,,,,,
278,81,,,,,,,,,,,,,,,,,
278,80,,,,,,,,,,,,,,,,,
278,79,,,,,,,,,,,,,,,,,
279,111,,,,,,,,,,,,,,,,,
279,110,,,,,,,,,,,,,,,,,
279,107,,,,,,,,,,,,,,,,,
279,106,,,,,,,,,,,,,,,,,
279,104,,,,,,,,,,,,,,,,,
279,103,,,,,,,,,,,,,,,,,
279,100,,,,,,,,,,,,,,,,,
279,99,,,,,,,,,,,,,,,,,
279,97,,,,,,,,,,,,,,,,,
279,96,,,,,,,,,,,,,,,,,
279,93,,,,,,,,,,,,,,,,,
279,92,,,,,,,,,,,,,,,,,
279,90,,,,,,,,,,,,,,,,,
279,89,,,,,,,,,,,,,,,,,
279,86,,,,,,,,,,,,,,,,,
279,85,,,,,,,,,,,,,,,,,
279,83,,,,,,,,,,,,,,,,,
279,82,,,,,,,,,,,,,,,,,
279,79,,,,,,,,,,,,,,,,,
279,78,,,,,,,,,,,,,,,,,
280,111,,,,,,,,,,,,,,,,,
280,110,,,,,,,,,,,,,,,,,
280,107,,,,,,,,,,,,,,,,,
280,106,,,,,,,,,,,,,,,,,
280,104,,,,,,,,,,,,,,,,,
280,103,,,,,,,,,,,,,,,,,
280,100,,,,,,,,,,,,,,,,,
280,99,,,,,,,,,,,,,,,,,
280,97,,,,,,,,,,,,,,,,,
280,96,,,,,,,,,,,,,,,,,
280,93,,,,,,,,,,,,,,,,,
280,92,,,,,,,,,,,,,,,,,
280,90,,,,,,,,,,,,,,,,,
280,89,,,,,,,,,,,,,,,,,
280,86,,,,,,,,,,,,,,,,,
280,85,,,,,,,,,,,,,,,,,
280,83,,,,,,,,,,,,,,,,,
280,82,,,,,,,,,,,,,,,,,
280,79,,,,,,,,,,,,,,,,,
280,78,,,,,,,,,,,,,,,,,
282,83,,,,,,,,,,,,,,,,,
282,82,,,,,,,,,,,,,,,,,
282,79,,,,,,,,,,,,,,,,,
282,78,,,,,,,,,,,,,,,,,
283,83,,,,,,,,,,,,,,,,,
283,82,,,,,,,,,,,,,,,,,
283,79,,,,,,,,,,,,,,,,,
283,78,,,,,,,,,,,,,,,,,
284,82,,,,,,,,,,,,,,,,,
284,81,,,,,,,,,,,,,,,,,
284,80,,,,,,,,,,,,,,,,,
284,79,,,,,,,,,,,,,,,,,
285,81,,,,,,,,,,,,,,,,,
285,80,,,,,,,,,,,,,,,,,
286,82,,,,,,,,,,,,,,,,,
286,81,,,,,,,,,,,,,,,,,
286,80,,,,,,,,,,,,,,,,,
286,79,,,,,,,,,,,,,,,,,
287,83,,,,,,,,,,,,,,,,,
287,82,,,,,,,,,,,,,,,,,
287,79,,,,,,,,,,,,,,,,,
287,78,,,,,,,,,,,,,,,,,
288,83,,,,,,,,,,,,,,,,,
288,82,,,,,,,,,,,,,,,,,
288,79,,,,,,,,,,,,,,,,,
288,78,,,,,,,,,,,,,,,,,
292,111,,,,,,,,,,,,,,,,,
292,110,,,,,,,,,,,,,,,,,
292,107,,,,,,,,,,,,,,,,,
292,106,,,,,,,,,,,,,,,,,
292,104,,,,,,,,,,,,,,,,,
292,103,,,,,,,,,,,,,,,,,
292,100,,,,,,,,,,,,,,,,,
292,99,,,,,,,,,,,,,,,,,
292,97,,,,,,,,,,,,,,,,,
292,96,,,,,,,,,,,,,,,,,
292,93,,,,,,,,,,,,,,,,,
292,92,,,,,,,,,,,,,,,,,
292,90,,,,,,,,,,,,,,,,,
292,89,,,,,,,,,,,,,,,,,
292,86,,,,,,,,,,,,,,,,,
292,85,,,,,,,,,,,,,,,,,
292,83,,,,,,,,,,,,,,,,,
292,82,,,,,,,,,,,,,,,,,
292,79,,,,,,,,,,,,,,,,,
292,78,,,,,,,,,,,,,,,,,
293,111,,,,,,,,,,,,,,,,,
293,110,,,,,,,,,,,,,,,,,
293,107,,,,,,,,,,,,,,,,,
293,106,,,,,,,,,,,,,,,,,
293,104,,,,,,,,,,,,,,,,,
293,103,,,,,,,,,,,,,,,,,
293,100,,,,,,,,,,,,,,,,,
293,99,,,,,,,,,,,,,,,,,
293,97,,,,,,,,,,,,,,,,,
293,96,,,,,,,,,,,,,,,,,
293,93,,,,,,,,,,,,,,,,,
293,92,,,,,,,,,,,,,,,,,
293,90,,,,,,,,,,,,,,,,,
293,89,,,,,,,,,,,,,,,,,
293,86,,,,,,,,,,,,,,,,,
293,85,,,,,,,,,,,,,,,,,
293,83,,,,,,,,,,,,,,,,,
293,82,,,,,,,,,,,,,,,,,
293,79,,,,,,,,,,,,,,,,,
293,78,,,,,,,,,,,,,,,,,
294,110,,,,,,,,,,,,,,,,,
294,109,,,,,,,,,,,,,,,,,
294,108,,,,,,,,,,,,,,,,,
294,107,,,,,,,,,,,,,,,,,
294,103,,,,,,,,,,,,,,,,,
294,102,,,,,,,,,,,,,,,,,
294,101,,,,,,,,,,,,,,,,,
294,100,,,,,,,,,,,,,,,,,
294,96,,,,,,,,,,,,,,,,,
294,95,,,,,,,,,,,,,,,,,
294,94,,,,,,,,,,,,,,,,,
294,93,,,,,,,,,,,,,,,,,
294,89,,,,,,,,,,,,,,,,,
294,88,,,,,,,,,,,,,,,,,
294,87,,,,,,,,,,,,,,,,,
294,86,,,,,,,,,,,,,,,,,
294,82,,,,,,,,,,,,,,,,,
294,81,,,,,,,,,,,,,,,,,
294,80,,,,,,,,,,,,,,,,,
294,79,,,,,,,,,,,,,,,,,
295,109,,,,,,,,,,,,,,,,,
295,108,,,,,,,,,,,,,,,,,
295,102,,,,,,,,,,,,,,,,,
295,101,,,,,,,,,,,,,,,,,
295,95,,,,,,,,,,,,,,,,,
295,94,,,,,,,,,,,,,,,,,
295,88,,,,,,,,,,,,,,,,,
295,87,,,,,,,,,,,,,,,,,
295,81,,,,,,,,,,,,,,,,,
295,80,,,,,,,,,,,,,,,,,
296,110,,,,,,,,,,,,,,,,,
296,109,,,,,,,,,,,,,,,,,
296,108,,,,,,,,,,,,,,,,,
296,107,,,,,,,,,,,,,,,,,
296,103,,,,,,,,,,,,,,,,,
296,102,,,,,,,,,,,,,,,,,
296,101,,,,,,,,,,,,,,,,,
296,100,,,,,,,,,,,,,,,,,
296,96,,,,,,,,,,,,,,,,,
296,95,,,,,,,,,,,,,,,,,
296,94,,,,,,,,,,,,,,,,,
296,93,,,,,,,,,,,,,,,,,
296,89,,,,,,,,,,,,,,,,,
296,88,,,,,,,,,,,,,,,,,
296,87,,,,,,,,,,,,,,,,,
296,86,,,,,,,,,,,,,,,,,
296,82,,,,,,,,,,,,,,,,,
296,81,,,,,,,,,,,,,,,,,
296,80,,,,,,,,,,,,,,,,,
296,79,,,,,,,,,,,,,,,,,
297,111,,,,,,,,,,,,,,,,,
297,110,,,,,,,,,,,,,,,,,
297,107,,,,,,,,,,,,,,,,,
297,106,,,,,,,,,,,,,,,,,
297,104,,,,,,,,,,,,,,,,,
297,103,,,,,,,,,,,,,,,,,
297,100,,,,,,,,,,,,,,,,,
297,99,,,,,,,,,,,,,,,,,
297,97,,,,,,,,,,,,,,,,,
297,96,,,,,,,,,,,,,,,,,
297,93,,,,,,,,,,,,,,,,,
297,92,,,,,,,,,,,,,,,,,
297,90,,,,,,,,,,,,,,,,,
297,89,,,,,,,,,,,,,,,,,
297,86,,,,,,,,,,,,,,,,,
297,85,,,,,,,,,,,,,,,,,
297,83,,,,,,,,,,,,,,,,,
297,82,,,,,,,,,,,,,,,,,
297,79,,,,,,,,,,,,,,,,,
297,78,,,,,,,,,,,,,,,,,
298,111,,,,,,,,,,,,,,,,,
298,110,,,,,,,,,,,,,,,,,
298,107,,,,,,,,,,,,,,,,,
298,106,,,,,,,,,,,,,,,,,
298,104,,,,,,,,,,,,,,,,,
298,103,,,,,,,,,,,,,,,,,
298,100,,,,,,,,,,,,,,,,,
298,99,,,,,,,,,,,,,,,,,
298,97,,,,,,,,,,,,,,,,,
298,96,,,,,,,,,,,,,,,,,
298,93,,,,,,,,,,,,,,,,,
298,92,,,,,,,,,,,,,,,,,
298,90,,,,,,,,,,,,,,,,,
298,89,,,,,,,,,,,,,,,,,
298,86,,,,,,,,,,,,,,,,,
298,85,,,,,,,,,,,,,,,,,
298,83,,,,,,,,,,,,,,,,,
298,82,,,,,,,,,,,,,,,,,
298,79,,,,,,,,,,,,,,,,,
298,78,,,,,,,,,,,,,,,,,
300,83,,,,,,,,,,,,,,,,,
300,82,,,,,,,,,,,,,,,,,
300,79,,,,,,,,,,,,,,,,,
300,78,,,,,,,,,,,,,,,,,
301,83,,,,,,,,,,,,,,,,,
301,82,,,,,,,,,,,,,,,,,
301,79,,,,,,,,,,,,,,,,,
301,78,,,,,,,,,,,,,,,,,
302,82,,,,,,,,,,,,,,,,,
302,81,,,,,,,,,,,,,,,,,
302,80,,,,,,,,,,,,,,,,,
302,79,,,,,,,,,,,,,,,,,
303,81,,,,,,,,,,,,,,,,,
303,80,,,,,,,,,,,,,,,,,
304,82,,,,,,,,,,,,,,,,,
304,81,,,,,,,,,,,,,,,,,
304,80,,,,,,,,,,,,,,,,,
304,79,,,,,,,,,,,,,,,,,
305,83,,,,,,,,,,,,,,,,,
305,82,,,,,,,,,,,,,,,,,
305,79,,,,,,,,,,,,,,,,,
305,78,,,,,,,,,,,,,,,,,
306,83,,,,,,,,,,,,,,,,,
306,82,,,,,,,,,,,,,,,,,
306,79,,,,,,,,,,,,,,,,,
306,78,,,,,,,,,,,,,,,,,
